id,submission_id,body,created_utc,parent_id,permalink
izrhjxz,zijtv2,"People always make these videos when they judge a series waaay too early and then are surprised when their opinions change later on\n\nLike bro, obviously! You were judging it like it was a complete and finished story by the first act",1670745844,t3_zijtv2,/r/anime/comments/zijtv2/i_was_wrong_about_evangelion/izrhjxz/
izrfwis,zijt7p,"Hi nacholpz, your post has been removed because your title is below our minimum length requirement of 4 words. Feel free to repost with a more descriptive title.\n\nIf you're looking to get a quick question [answered](https://www.reddit.com/r/anime/search?q=flair%3Adaily+subreddit%3Aanime&restrict_sr=on&sort=new&t=week), asking for [recommendations](https://www.reddit.com/r/anime/wiki/recommendations), [the source of a picture](https://www.reddit.com/r/anime/wiki/reverse_image_searching), a [watch order](https://www.reddit.com/r/anime/wiki/watch_order) or any other [general question](https://www.reddit.com/r/anime/wiki/faaq), please check our sidebar too, it might help you faster.\n\n[**Thank you!**](#blushubot)\n\n*I am a bot, and this action was performed automatically. Please [contact the moderators of this subreddit](/message/compose/?to=/r/anime) if you have any questions or concerns.*",1670744454,t3_zijt7p,/r/anime/comments/zijt7p/airdrop_from_zksync/izrfwis/
izrevhg,zijkd2,"Hi ericrtc! Your post has been removed because [**most images are not allowed as posts**](https://www.reddit.com/r/anime/wiki/rules#wiki_restricted_content) here. The [daily thread](/r/anime/search?q=flair%3Adaily&restrict_sr=on&sort=new&t=week) is a place where you can share anime-related images on /r/anime.\n\nIf you want to post [fanart](https://www.reddit.com/r/anime/wiki/rules#wiki_fanart) or [cosplay](https://www.reddit.com/r/anime/wiki/rules#wiki_cosplay), make a *text post* with a link to the image in the body of the post: https://i.redd.it/rtwzylpki95a1.jpg\n\nIf you are looking for the source of an image, [try image searching tools first](https://www.reddit.com/r/anime/wiki/reverse_image_searching) or if that doesn't work, make a *text post* with the [Help] flair and include a link to the image in the body of the post: https://i.redd.it/rtwzylpki95a1.jpg\n\n**Please note: If you plan to use the image link provided above, do NOT delete this original post. If you delete the original post, then the image link becomes invalid.**\n\n\n*I am a bot, and this action was performed automatically. Please [contact the moderators of this subreddit](/message/compose/?to=/r/anime) if you have any questions or concerns.*",1670743622,t3_zijkd2,/r/anime/comments/zijkd2/kiliua_on_receipt_at_work/izrevhg/
izreyns,zijhjn,Pretty sure it's https://myanimelist.net/anime/30088/Ryoutei_no_Aji,1670743695,t3_zijhjn,/r/anime/comments/zijhjn/name_of_the_anime/izreyns/
izrt8yq,zij65d,<Grimgar of fantasy and ash> this is a isekai with no secret power and is so good that I started reading LN after watching the first season on anime.,1670755952,t3_zij65d,/r/anime/comments/zij65d/looking_for_underdog_anime_manga_ln_etc_without/izrt8yq/
izrugq7,zij65d,"You can try the webtoon weak hero, there are no superpowers and the mc has a weaker than average built so he has to use his head to fight",1670756980,t3_zij65d,/r/anime/comments/zij65d/looking_for_underdog_anime_manga_ln_etc_without/izrugq7/
izzhbn0,zij65d,"Lot of people giving some good shows as suggestions, but I'm here with the one that fits what you want the most\n\n\n_Kenichi: The Mightiest Disciple_\n\n\nThe only thing the MC has going for him naturally is that he has spirit. He gets his ass handed to him so much you'd think he was related to Krillin.\n\n\nThere is no off screen asspull power grab. There is no lineage of greatness. There is no magic one trick. \n\n\nHe gets his shit pushed in, and so he trains, and then he uses his training in his following fights.\n\nHe redefines starting at the bottom and boy is it a fun ride watching him fall down and rise from the ashes. \n\n\nHis training is grueling, his masters unrelenting, and his love interest miles ahead of him. \n\nI plan on reading the manga because the show was awesome and it is my shining example of non-bullshit power advancement.",1670889357,t3_zij65d,/r/anime/comments/zij65d/looking_for_underdog_anime_manga_ln_etc_without/izzhbn0/
izrg74a,zij65d,[removed],1670744704,t3_zij65d,/r/anime/comments/zij65d/looking_for_underdog_anime_manga_ln_etc_without/izrg74a/
izrzd71,zij65d,Closest thing I've got is Kaiji. Can't really say there's much progression though.\n\nKaiji - https://myanimelist.net/anime/3002/Gyakkyou_Burai_Kaiji__Ultimate_Survivor,1670761019,t3_zij65d,/r/anime/comments/zij65d/looking_for_underdog_anime_manga_ln_etc_without/izrzd71/
izrd9c7,zij65d,"Hi Damoscus, it seems like you might be looking for new anime to watch!\n\nThe users of this subreddit came up with [a chart of anime recommendations for newcomers and veterans](https://i.redd.it/0w1v880jtq661.png) and [an awesome longer flowchart](https://i.redd.it/vdzlkodz19c71.png). Maybe you can find something there that you'll like \^.\^\n\n[](#bot-chan ""Urban s-s-s-senpai made me do it!"")\n\nYou might also find our [Recommendation Wiki](https://www.reddit.com/r/anime/wiki/recommendations) or [daily thread](/r/anime/search?q=flair%3Adaily&restrict_sr=on&sort=new&t=week) helpful.\n\nThe following may be of interest:\n\n* [List of legal streams and downloads](https://www.reddit.com/r/anime/wiki/legal_streams)\n\n* [A useful website where you can enter an anime and see where it's legally streaming](https://www.livechart.me/search)\n\n* [List of currently airing anime](https://www.livechart.me)\n\n* [A useful wiki page with watch orders for many anime.](https://www.reddit.com/r/anime/wiki/watch_order)\n\n* [A list of tracking sites so others can more easily recommend shows you haven't watched.](https://www.reddit.com/r/anime/wiki/related_sites#wiki_tracking_sites)\n\n*I am a bot, and this action was performed automatically. Please [contact the moderators of this subreddit](/message/compose/?to=/r/anime) if you have any questions or concerns.*",1670742355,t3_zij65d,/r/anime/comments/zij65d/looking_for_underdog_anime_manga_ln_etc_without/izrd9c7/
izreuks,zij65d,bungou stray dogs,1670743601,t3_zij65d,/r/anime/comments/zij65d/looking_for_underdog_anime_manga_ln_etc_without/izreuks/
izridcx,zij65d,Hajime no ippo,1670746528,t3_zij65d,/r/anime/comments/zij65d/looking_for_underdog_anime_manga_ln_etc_without/izridcx/
izrl4y2,zij65d,"My Hero Academia, MC is given a powerful quirk but is not capable of using it without a lot of training.\n\nDragon Ball Z, despite how powerful he gets Goku does start out quite weak.\n\nNaruto, again starts out weak but gets stronger, these two might not be your thing though since they both get quite OP.\n\nHonzuki no Gekokujou, Myne is a small weak child who gets sick constantly, not a fighting anime though she is trying to make books but since she is a poor child its not easy, this one is one of my favourites has great worldbuilding.",1670748875,t3_zij65d,/r/anime/comments/zij65d/looking_for_underdog_anime_manga_ln_etc_without/izrl4y2/
izrw6nv,zij65d,Rokka no Yuusha. Weak MC compared to the rest of the characters but he is strong willed and full of tricks.,1670758452,t3_zij65d,/r/anime/comments/zij65d/looking_for_underdog_anime_manga_ln_etc_without/izrw6nv/
iztach2,zij65d,Really? Joe literally didn't need a gear to win.,1670782615,t1_izrg74a,/r/anime/comments/zij65d/looking_for_underdog_anime_manga_ln_etc_without/iztach2/
izs0m7c,zij65d,"Would not say that this show is what OP wants, Kaiji is ""bullshit your way out of a bullshit situation"". Can be entertaining if you turn your brain off, but definitly not a ""underdog growth"" type of story.",1670761819,t1_izrzd71,/r/anime/comments/zij65d/looking_for_underdog_anime_manga_ln_etc_without/izs0m7c/
izrt6cu,zij65d,Secret Op power?,1670755887,t1_izreuks,/r/anime/comments/zij65d/looking_for_underdog_anime_manga_ln_etc_without/izrt6cu/
izrugvp,zij65d,[deleted],1670756983,t1_izrl4y2,/r/anime/comments/zij65d/looking_for_underdog_anime_manga_ln_etc_without/izrugvp/
izrtces,zij65d,Basically the guys wants something without any super powers which is the cause of secret powers. So something like Grimgar.,1670756028,t1_izrl4y2,/r/anime/comments/zij65d/looking_for_underdog_anime_manga_ln_etc_without/izrtces/
izup97t,zij65d,"Well I said not really any progression, but it's something with an underdog character and never gets any power and doesn't get overpowered.",1670803047,t1_izs0m7c,/r/anime/comments/zij65d/looking_for_underdog_anime_manga_ln_etc_without/izup97t/
izrzv4d,zij65d,"Yeah hard to think of ones that don't have OP MCs but I thought of a few that might work,\n\n{How a Realist Hero Rebuilt the Kingdom}\n\n{Konosuba}\n\n{Tate no Yuusha no Nariagari}\n\n{Gargantia on the verdurous planet}\n\n{Goblin Slayer} Goblin Slayer relies on his knowledge and skill to fight rather than just being powerful.\n\n<Fangkai Nage Nuwu> Recommend the LN over the manga since the manga leaves out a lot of details shows things wrong, the MC in this has no power at all and instead uses his modern knowledge and the witches powers to advance his territory, its quite long too 1498 ch, I really liked this one its relatively realistic, you can find it on NovelFull dot com.",1670761324,t1_izrugvp,/r/anime/comments/zij65d/looking_for_underdog_anime_manga_ln_etc_without/izrzv4d/
izrc8oi,ziisz5,"Sorry Retro_Badger923, you've activated my trap card!\n\nMemes are not allowed on /r/anime and we have implemented this flair to catch people who do in order to make removals quicker for us. Sorry for this inconvenience.\n\n[**Memes are not allowed on /r/anime, even with the meme flair!**](https://www.reddit.com/r/anime/wiki/rules#wiki_no_memes.2C_image_macros...) You might want to go to /r/animemes, /r/animememes, /r/goodanimemes or /r/anime_irl instead.\n\n*I am a bot, and this action was performed automatically. Please [contact the moderators of this subreddit](/message/compose/?to=/r/anime) if you have any questions or concerns.*",1670741584,t3_ziisz5,/r/anime/comments/ziisz5/no_shade_to_the_chika_dance_guy_hes_an_icon/izrc8oi/
izr9oqs,zii3u0,"Hi Lumpy_Beyond_4119, your post has been removed because your title is below our minimum length requirement of 4 words. Feel free to repost with a more descriptive title.\n\nIf you're looking to get a quick question [answered](https://www.reddit.com/r/anime/search?q=flair%3Adaily+subreddit%3Aanime&restrict_sr=on&sort=new&t=week), asking for [recommendations](https://www.reddit.com/r/anime/wiki/recommendations), [the source of a picture](https://www.reddit.com/r/anime/wiki/reverse_image_searching), a [watch order](https://www.reddit.com/r/anime/wiki/watch_order) or any other [general question](https://www.reddit.com/r/anime/wiki/faaq), please check our sidebar too, it might help you faster.\n\n[**Thank you!**](#blushubot)\n\n*I am a bot, and this action was performed automatically. Please [contact the moderators of this subreddit](/message/compose/?to=/r/anime) if you have any questions or concerns.*",1670740000,t3_zii3u0,/r/anime/comments/zii3u0/welcome_to_kinggame/izr9oqs/
izr6u6i,zihcub,"Hello! If you ever find yourself needing anime related help, here are a few resources to save you a LOT of time.\n\n* Have **any anime related question?** Try our [daily question/recommendation thread!](/r/anime/search?q=flair%3Adaily&restrict_sr=on&sort=new&t=week)\n* **Need something new to watch?** [Check the Recommendation wiki.](https://www.reddit.com/r/anime/wiki/recommendations)\n* For **where to watch anime**, see [our list of streaming sites](https://www.reddit.com/r/anime/wiki/legal_streams) or [search on Livechart.me](https://www.livechart.me/search) for specific shows.\n* For **source of fanarts**, try [SauceNAO](https://saucenao.com/)\n* For **source of anime screenshots**, try [trace.moe](https://trace.moe/) or [other image search tools](https://www.reddit.com/r/anime/wiki/reverse_image_searching)\n* For **watch orders**, try [our Watch Order wiki](https://www.reddit.com/r/anime/wiki/watch_order)\n* For other questions, check if they are answered in the [FAAQ](https://www.reddit.com/r/anime/wiki/faaq)\n\n[](#bot-chan)\n\n*I am a bot, and this action was performed automatically. Please [contact the moderators of this subreddit](/message/compose/?to=/r/anime) if you have any questions or concerns.*",1670738379,t3_zihcub,/r/anime/comments/zihcub/looking_for_an_anime/izr6u6i/
izrjjhz,zihcub,[Yatterman Night](https://myanimelist.net/anime/28155/Yoru_no_Yatterman)?,1670747517,t3_zihcub,/r/anime/comments/zihcub/looking_for_an_anime/izrjjhz/
izro5gn,zihcub,Yup,1670751485,t1_izrjjhz,/r/anime/comments/zihcub/looking_for_an_anime/izro5gn/
izr63js,zih5u5,"Hi ck_animations, your post has been removed because your title is below our minimum length requirement of 4 words. Feel free to repost with a more descriptive title.\n\nIf you're looking to get a quick question [answered](https://www.reddit.com/r/anime/search?q=flair%3Adaily+subreddit%3Aanime&restrict_sr=on&sort=new&t=week), asking for [recommendations](https://www.reddit.com/r/anime/wiki/recommendations), [the source of a picture](https://www.reddit.com/r/anime/wiki/reverse_image_searching), a [watch order](https://www.reddit.com/r/anime/wiki/watch_order) or any other [general question](https://www.reddit.com/r/anime/wiki/faaq), please check our sidebar too, it might help you faster.\n\n[**Thank you!**](#blushubot)\n\n*I am a bot, and this action was performed automatically. Please [contact the moderators of this subreddit](/message/compose/?to=/r/anime) if you have any questions or concerns.*",1670737943,t3_zih5u5,/r/anime/comments/zih5u5/please_watch_this/izr63js/
izr3rbk,zigkwf,"Hi peija, your post has been removed because your title is below our minimum length requirement of 4 words. Feel free to repost with a more descriptive title.\n\nIf you're looking to get a quick question [answered](https://www.reddit.com/r/anime/search?q=flair%3Adaily+subreddit%3Aanime&restrict_sr=on&sort=new&t=week), asking for [recommendations](https://www.reddit.com/r/anime/wiki/recommendations), [the source of a picture](https://www.reddit.com/r/anime/wiki/reverse_image_searching), a [watch order](https://www.reddit.com/r/anime/wiki/watch_order) or any other [general question](https://www.reddit.com/r/anime/wiki/faaq), please check our sidebar too, it might help you faster.\n\n[**Thank you!**](#blushubot)\n\n*I am a bot, and this action was performed automatically. Please [contact the moderators of this subreddit](/message/compose/?to=/r/anime) if you have any questions or concerns.*",1670736620,t3_zigkwf,/r/anime/comments/zigkwf/deleted_by_user/izr3rbk/
izrgc2b,zif69e,"Sorry, your submission has been removed.\n\n- Edited footage (AMVs, compilations, scene splicing, cross-media comparisons, etc) from shows should use the ""Video Edit"" flair, be at least 60 seconds long, and include the anime name in the title of the post if the edit comes from a single specific anime. If any footage is from a recently aired episode, wait a **week** after the episode's discussion thread is posted before posting the edit. Additionally, we only allow each user to post two edits per month.\n\n\n\n---\n\n^(Questions? Reply to this message, )[**^(send a modmail)**](http://www.reddit.com/message/compose?to=%2Fr%2Fanime)^(, or leave a comment in the )[**^(meta thread)**](https://reddit.com/r/anime/search?q=subreddit%3Aanime+author%3AAnimeMod+title%3A%22Meta+Thread%22&restrict_sr=on&sort=new&t=year)^(. Don't know the rules? Read them )[**^(here)**](/r/anime/wiki/rules)^.",1670744821,t3_zif69e,/r/anime/comments/zif69e/the_beast_of_the_saiyans/izrgc2b/
izqxyzl,zif42j,"Hello Sudden_Teaching_4975, your post has been removed because posts without a detailed body of text are considered low-effort and are not allowed; post titles must also be at least four words in length. You're welcome to amend your post and resubmit it, or instead use the [daily question, recommendation, and discussion thread](/r/anime/search?q=flair%3Adaily&restrict_sr=on&sort=new&t=week) pinned to the top of /r/anime.\n\nNot sure what to say? If you're posting a discussion post or question, consider answering your own question or providing some discussion starters.\n\nPlease visit [the rules page](https://reddit.com/r/anime/wiki/rules) for more information.\n\n*I am a bot, and this action was performed automatically. Please [contact the moderators of this subreddit](/message/compose/?to=/r/anime) if you have any questions or concerns.*",1670733580,t3_zif42j,/r/anime/comments/zif42j/deleted_by_user/izqxyzl/
izqwud9,zievam,"Sorry N00B_14, your submission has been removed because YouTube shorts aren't allowed on /r/anime.\n\nPlease visit [the rules page](https://reddit.com/r/anime/wiki/rules) for more information.\n\n*I am a bot, and this action was performed automatically. Please [contact the moderators of this subreddit](/message/compose/?to=/r/anime) if you have any questions or concerns.*",1670733011,t3_zievam,/r/anime/comments/zievam/supper_massive_black_hole_fyp_shorts_trending/izqwud9/
izqw1j5,ziepoo,"Hi Legendary_sunshine! Your post has been removed because [**most images are not allowed as posts**](https://www.reddit.com/r/anime/wiki/rules#wiki_restricted_content) here. The [daily thread](/r/anime/search?q=flair%3Adaily&restrict_sr=on&sort=new&t=week) is a place where you can share anime-related images on /r/anime.\n\nIf you want to post [fanart](https://www.reddit.com/r/anime/wiki/rules#wiki_fanart) or [cosplay](https://www.reddit.com/r/anime/wiki/rules#wiki_cosplay), make a *text post* with a link to the image in the body of the post: https://www.instagram.com/p/Cl_Ju1KrgGO/?igshid=MDM4ZDc5MmU=\n\nIf you are looking for the source of an image, [try image searching tools first](https://www.reddit.com/r/anime/wiki/reverse_image_searching) or if that doesn't work, make a *text post* with the [Help] flair and include a link to the image in the body of the post: https://www.instagram.com/p/Cl_Ju1KrgGO/?igshid=MDM4ZDc5MmU=\n\n**Please note: If you plan to use the image link provided above, do NOT delete this original post. If you delete the original post, then the image link becomes invalid.**\n\n\n*I am a bot, and this action was performed automatically. Please [contact the moderators of this subreddit](/message/compose/?to=/r/anime) if you have any questions or concerns.*",1670732542,t3_ziepoo,/r/anime/comments/ziepoo/deleted_by_user/izqw1j5/
izqukb9,ziedrr,"Hi Relative_Pen5053, your post has been removed because your title is below our minimum length requirement of 4 words. Feel free to repost with a more descriptive title.\n\nIf you're looking to get a quick question [answered](https://www.reddit.com/r/anime/search?q=flair%3Adaily+subreddit%3Aanime&restrict_sr=on&sort=new&t=week), asking for [recommendations](https://www.reddit.com/r/anime/wiki/recommendations), [the source of a picture](https://www.reddit.com/r/anime/wiki/reverse_image_searching), a [watch order](https://www.reddit.com/r/anime/wiki/watch_order) or any other [general question](https://www.reddit.com/r/anime/wiki/faaq), please check our sidebar too, it might help you faster.\n\n[**Thank you!**](#blushubot)\n\n*I am a bot, and this action was performed automatically. Please [contact the moderators of this subreddit](/message/compose/?to=/r/anime) if you have any questions or concerns.*",1670731813,t3_ziedrr,/r/anime/comments/ziedrr/sub_animes/izqukb9/
izqu19s,zie9m4,"Hello! If you ever find yourself needing anime related help, here are a few resources to save you a LOT of time.\n\n* Have **any anime related question?** Try our [daily question/recommendation thread!](/r/anime/search?q=flair%3Adaily&restrict_sr=on&sort=new&t=week)\n* **Need something new to watch?** [Check the Recommendation wiki.](https://www.reddit.com/r/anime/wiki/recommendations)\n* For **where to watch anime**, see [our list of streaming sites](https://www.reddit.com/r/anime/wiki/legal_streams) or [search on Livechart.me](https://www.livechart.me/search) for specific shows.\n* For **source of fanarts**, try [SauceNAO](https://saucenao.com/)\n* For **source of anime screenshots**, try [trace.moe](https://trace.moe/) or [other image search tools](https://www.reddit.com/r/anime/wiki/reverse_image_searching)\n* For **watch orders**, try [our Watch Order wiki](https://www.reddit.com/r/anime/wiki/watch_order)\n* For other questions, check if they are answered in the [FAAQ](https://www.reddit.com/r/anime/wiki/faaq)\n\n[](#bot-chan)\n\n*I am a bot, and this action was performed automatically. Please [contact the moderators of this subreddit](/message/compose/?to=/r/anime) if you have any questions or concerns.*",1670731562,t3_zie9m4,/r/anime/comments/zie9m4/does_anyone_know_what_anime_this_is/izqu19s/
izqykcq,zie9m4,"Was the animation style 90's/early 2000's?  Or was the setting like that.  This just makes me think of Takt Op. Destiny, but I don't think this was in there.",1670733887,t3_zie9m4,/r/anime/comments/zie9m4/does_anyone_know_what_anime_this_is/izqykcq/
izrm9fz,zie9m4,"Sorry, your submission has been removed.\n\n- It looks like your questions have been answered, so we're taking it off the list of new posts to make room for other content. For future reference, here are some additional resources that may help you find an answer even faster:\n\n  - To ask any random question you may have, visit our [Anime Questions, Recommendations, and Discussion daily thread.](https://www.reddit.com/r/anime/search?q=flair%3Adaily+subreddit%3Aanime&restrict_sr=on&sort=new&t=week)\n\n  - [For finding an anime based off of a single image, reverse image searching typically works instantly](http://www.reddit.com/r/anime/wiki/reverse_image_searching)\n\n  - [r/anime has a large number of watch orders available](http://www.reddit.com/r/anime/wiki/watch_order)\n\n  - [You can find all of your recommendation needs here](http://www.reddit.com/r/anime/wiki/recommendations)\n\n\n\n\n\n---\n\n^(Questions? Reply to this message, )[**^(send a modmail)**](http://www.reddit.com/message/compose?to=%2Fr%2Fanime)^(, or leave a comment in the )[**^(meta thread)**](https://reddit.com/r/anime/search?q=subreddit%3Aanime+author%3AAnimeMod+title%3A%22Meta+Thread%22&restrict_sr=on&sort=new&t=year)^(. Don't know the rules? Read them )[**^(here)**](/r/anime/wiki/rules)^.",1670749844,t3_zie9m4,/r/anime/comments/zie9m4/does_anyone_know_what_anime_this_is/izrm9fz/
izqys4d,zie9m4,i actually found it! itâ€™s Kimagure Orange Road and j was way off its from the 80s,1670733991,t1_izqykcq,/r/anime/comments/zie9m4/does_anyone_know_what_anime_this_is/izqys4d/
izrkgot,zie9m4,good show,1670748300,t1_izqys4d,/r/anime/comments/zie9m4/does_anyone_know_what_anime_this_is/izrkgot/
izqtw68,zie893,"Hi bellaknee! Your post has been removed because [**most images are not allowed as posts**](https://www.reddit.com/r/anime/wiki/rules#wiki_restricted_content) here. The [daily thread](/r/anime/search?q=flair%3Adaily&restrict_sr=on&sort=new&t=week) is a place where you can share anime-related images on /r/anime.\n\nIf you want to post [fanart](https://www.reddit.com/r/anime/wiki/rules#wiki_fanart) or [cosplay](https://www.reddit.com/r/anime/wiki/rules#wiki_cosplay), make a *text post* with a link to the image in the body of the post: https://i.redd.it/zuw7z6zhi85a1.jpg\n\nIf you are looking for the source of an image, [try image searching tools first](https://www.reddit.com/r/anime/wiki/reverse_image_searching) or if that doesn't work, make a *text post* with the [Help] flair and include a link to the image in the body of the post: https://i.redd.it/zuw7z6zhi85a1.jpg\n\n**Please note: If you plan to use the image link provided above, do NOT delete this original post. If you delete the original post, then the image link becomes invalid.**\n\n\n*I am a bot, and this action was performed automatically. Please [contact the moderators of this subreddit](/message/compose/?to=/r/anime) if you have any questions or concerns.*",1670731489,t3_zie893,/r/anime/comments/zie893/does_anyone_know_what_anime_this_is/izqtw68/
izqxn8c,zie1ei,This is the Japanese Blu ray quality:\n\nhttps://www.youtube.com/watch?v=Eyr9S9M6SgY\n\nThere's not many options for series from that time frame.,1670733420,t3_zie1ei,/r/anime/comments/zie1ei/his_her_circumstances_dvd_quality/izqxn8c/
izqtu98,zie1ei,"The DVDs are not the greatest quality either. [https://www.fandompost.com/2020/04/04/his-and-her-circumstances-complete-collection-anime-dvd-review/](https://www.fandompost.com/2020/04/04/his-and-her-circumstances-complete-collection-anime-dvd-review/) (I have the old release, but it's been years since I watched them, so I can't really remember exactly how those looked)\n\n&#x200B;\n\nThey did release Blu-rays in Japan. I have not seen the quality of those. Of course those don't have English.",1670731463,t3_zie1ei,/r/anime/comments/zie1ei/his_her_circumstances_dvd_quality/izqtu98/
izqsyz9,zidzq6,"Hello GreenGGM, your post has been removed because posts without a detailed body of text are considered low-effort and are not allowed; post titles must also be at least four words in length. You're welcome to amend your post and resubmit it, or instead use the [daily question, recommendation, and discussion thread](/r/anime/search?q=flair%3Adaily&restrict_sr=on&sort=new&t=week) pinned to the top of /r/anime.\n\nNot sure what to say? If you're posting a discussion post or question, consider answering your own question or providing some discussion starters.\n\nPlease visit [the rules page](https://reddit.com/r/anime/wiki/rules) for more information.\n\n*I am a bot, and this action was performed automatically. Please [contact the moderators of this subreddit](/message/compose/?to=/r/anime) if you have any questions or concerns.*",1670731002,t3_zidzq6,/r/anime/comments/zidzq6/what_is_the_anime_called_where_there_is_a_child/izqsyz9/
izqr6bx,zidk7w,"Hi Full-Tomatillo-352! Your post has been removed because [**most images are not allowed as posts**](https://www.reddit.com/r/anime/wiki/rules#wiki_restricted_content) here. The [daily thread](/r/anime/search?q=flair%3Adaily&restrict_sr=on&sort=new&t=week) is a place where you can share anime-related images on /r/anime.\n\nIf you want to post [fanart](https://www.reddit.com/r/anime/wiki/rules#wiki_fanart) or [cosplay](https://www.reddit.com/r/anime/wiki/rules#wiki_cosplay), make a *text post* with a link to the image in the body of the post: https://i.redd.it/ugbaqq89e85a1.jpg\n\nIf you are looking for the source of an image, [try image searching tools first](https://www.reddit.com/r/anime/wiki/reverse_image_searching) or if that doesn't work, make a *text post* with the [Help] flair and include a link to the image in the body of the post: https://i.redd.it/ugbaqq89e85a1.jpg\n\n**Please note: If you plan to use the image link provided above, do NOT delete this original post. If you delete the original post, then the image link becomes invalid.**\n\n\n*I am a bot, and this action was performed automatically. Please [contact the moderators of this subreddit](/message/compose/?to=/r/anime) if you have any questions or concerns.*",1670730064,t3_zidk7w,/r/anime/comments/zidk7w/here_is_a_little_fan_art_of_yoruichi_shihouin/izqr6bx/
izqraf1,zidj09,"Sorry, your submission has been removed.\n\n- Anime-inspired content, such as background art or original characters, are not allowed. This means that all Fanart works must include an element from an anime production (e.g: a character or an object).\n\n  - Fanfics are a subset of Fanart and not allowed under any circumstances.\n\n\n\n---\n\n^(Questions? Reply to this message, )[**^(send a modmail)**](http://www.reddit.com/message/compose?to=%2Fr%2Fanime)^(, or leave a comment in the )[**^(meta thread)**](https://reddit.com/r/anime/search?q=subreddit%3Aanime+author%3AAnimeMod+title%3A%22Meta+Thread%22&restrict_sr=on&sort=new&t=year)^(. Don't know the rules? Read them )[**^(here)**](/r/anime/wiki/rules)^.",1670730123,t3_zidj09,/r/anime/comments/zidj09/i_asked_an_ai_chatgpt_to_write_a_story_about/izqraf1/
izqqt6p,zidh7x,"Hi Kate_Duff! Your post has been removed because [**most images are not allowed as posts**](https://www.reddit.com/r/anime/wiki/rules#wiki_restricted_content) here. The [daily thread](/r/anime/search?q=flair%3Adaily&restrict_sr=on&sort=new&t=week) is a place where you can share anime-related images on /r/anime.\n\nIf you want to post [fanart](https://www.reddit.com/r/anime/wiki/rules#wiki_fanart) or [cosplay](https://www.reddit.com/r/anime/wiki/rules#wiki_cosplay), make a *text post* with a link to the image in the body of the post: https://i.redd.it/eypzq165w65a1.png\n\nIf you are looking for the source of an image, [try image searching tools first](https://www.reddit.com/r/anime/wiki/reverse_image_searching) or if that doesn't work, make a *text post* with the [Help] flair and include a link to the image in the body of the post: https://i.redd.it/eypzq165w65a1.png\n\n**Please note: If you plan to use the image link provided above, do NOT delete this original post. If you delete the original post, then the image link becomes invalid.**\n\n\n*I am a bot, and this action was performed automatically. Please [contact the moderators of this subreddit](/message/compose/?to=/r/anime) if you have any questions or concerns.*",1670729877,t3_zidh7x,/r/anime/comments/zidh7x/deleted_by_user/izqqt6p/
izql8ip,zic1sy,I'm currently watching it!,1670726940,t3_zic1sy,/r/anime/comments/zic1sy/onepiece_best_anime_ever/izql8ip/
izqo5rz,zic1sy,Let me just rotate my entire body to view this,1670728488,t3_zic1sy,/r/anime/comments/zic1sy/onepiece_best_anime_ever/izqo5rz/
izqlinh,zic1sy,Well maybe back then.,1670727085,t3_zic1sy,/r/anime/comments/zic1sy/onepiece_best_anime_ever/izqlinh/
izqlbhg,zic1sy,86*,1670726983,t3_zic1sy,/r/anime/comments/zic1sy/onepiece_best_anime_ever/izqlbhg/
izqogk6,zic1sy,"Sorry, your submission has been removed.\n\nYour edit does not meet one of the following quality guidelines:\n\n- Edits must have audio.\n\n- There must not be an obvious screen recording (e.g. the iPhone popup to stop the recording at the end of some clips, a mouse cursor, and actually recording the screen with a phone).\n\n- Content must be in the correct orientation (e.g. no videos that are rotated 90 degrees and require the user to ""turn their screen"" for proper viewing). \n\n- No TikTok or YouTube Short content.\n\n\n\n---\n\n^(Questions? Reply to this message, )[**^(send a modmail)**](http://www.reddit.com/message/compose?to=%2Fr%2Fanime)^(, or leave a comment in the )[**^(meta thread)**](https://reddit.com/r/anime/search?q=subreddit%3Aanime+author%3AAnimeMod+title%3A%22Meta+Thread%22&restrict_sr=on&sort=new&t=year)^(. Don't know the rules? Read them )[**^(here)**](/r/anime/wiki/rules)^.",1670728647,t3_zic1sy,/r/anime/comments/zic1sy/onepiece_best_anime_ever/izqogk6/
