headline,label
"ano performs ""Chu, Tayousei"" (Chainsawman ED7) on THE FIRST TAKE",-1
Guess the anime characters nickname quiz,-1
Got some questions about Durarara!!,-1
Ningen Fushin no Boukensha-tachi ga Sekai wo Sukuu You Desu • Ningen Fushin: Adventurers Who Don't Believe in Humanity Will Save the World - Episode 11 discussion,1
Do you have a favourite seiyuu?,-1
should I start a new anime,-1
Anime where your opinion/rating of it drastically improved,1
Are there no modern romances with actually adult relationships?,-1
[NyanWatch] Non Non Biyori Repeat - Episode 2 Discussion,-1
"The ""BLEACH: Thousand Year Blood War"" Cour 1 Blu-ray box is listed with a total of 13 episodes and includes an extended scene with dialogue written by Tite Kubo",-1
Isekai Ojisan - Episode 13 discussion - FINAL,-1
[WT] Sexy Commando Side Story: Amazing! Masaru - A Cult-Classic 90s Gag Anime,1
The protagonists of the last two anime you watched are now dating (or some kind of platonic relationship if them dating would be weird). What's their relationship like?,1
'To Your Eternity' Season 3 Teaser Visual,-1
Yaoi/Yuri romance anime with unique premises?,1
Food Wars The Fifth Plate Toonami Promo,-1
Kyuuketsuki Sugu Shinu Season 2 • The Vampire Dies in No Time Season 2 - Episode 10 discussion,-1
My Happy Marriage to Stream on Netflix,1
Robbing an Average American Home (Gunsmith Cats),-1
[Rewatch] Cardcaptor Sakura Rewatch - Episode 46 Discussion,-1
Darker than Black or Durarara!!,-1
Mou Ippon! • Ippon again! - Episode 10 discussion,-1
looking for some great anime to watch!,1
Give me a good anime to watch right now.,1
Onimai: More Than Fanservice (Video Review),-1
UniteUp! - Episode 8 discussion,-1
Sacrificial Princess and the King of Beasts PV 3,-1
"Best OP/ED of 2022 AnimeBracket: Round 2, Group A",1
"Describe an Anime using only emojis, others guess what Anime you’re describing",-1
"Anime's making a splash up in critic circles | analyzing the huge jump in anime in the most prestigious ""best films of all time"" list (Sight and Sound)",1
The Magical Revolution of the Reincarnated Princess and the Genius Young Lady Episode 11 PV,-1
Japan's taste in Anime,-1
Why are romance animes either really good or really bad. its rare they are just mid,1
Tsundere Akuyaku Reijou Lieselotte to Jikkyou no Endou-kun to Kaisetsu no Kobayashi-san • Endo and Kobayashi Live! The Latest on Tsundere Villainess Lieselotte - Episode 10 discussion,-1
[Rewatch] Uma Musume: Pretty Derby Episode 11 Discussion,1
The First Slam Dunk Film Wins Japan Academy Film Prizes' Animation of the Year,1
Help finding a Bakemonogatari MAD/AMV,1
"Rougo ni Sonaete Isekai de 8-manmai no Kinka wo Tamemasu • Saving 80,000 Gold in Another World for My Retirement - Episode 10 discussion",-1
If I liked Eminence of Shadow and Konosuba a lot what would you recommend?,1
[Do You Remember Love - Macross Franchise 40th Anniversary Rewatch] Macross Δ Episode 22 Discussion,1
Need Anime Recommendations to Watch!,-1
[Rewatch] Golden Time Rewatch Interest Thread 2,1
Who's just as excited as i am for S2 of Isekai wa Smartphone to Tomo Ni. 2?,1
Mob Psycho • The Blueprint For PERFECT Character Development,1
Tondemo Skill de Isekai Hourou Meshi • Campfire Cooking in Another World with My Absurd Skill - Episode 10 discussion,-1
「Inu ni Nattara Suki na Hito ni Hirowareta。」Episode 11 Web Preview (Broadcast ver.),-1
[Rewatch][Spoilers]Wandering Witch: The Journey of Elaina Episode 10,-1
[Gintama 2023 Rewatch - Discussion] - Week 10(Episodes 69-75) Rewatch,-1
One of my all time favourite Anime Openings.. Saint Seiya Pegasus Fantasy,-1
"Anime Questions, Recommendations, and Discussion - March 13, 2023",-1
looking for an actual brainy/smart anime where things are actually brainy and the anime doesnt try to make it look brainy when it actually isnt like in in/spectre,-1
'The Girl I Like Forgot Her Glasses' Anime Key Visuals,1
“Loving Yamada at Lv999!” Key Visual,-1
D4DJ All Mix - Episode 10 discussion,-1
Dealing with plane hijackers the City Hunter way [City Hunter 2][NSFW],-1
/r/anime Karma Ranking & Discussion | Week 10 [Winter 2023],-1
Trying to list every Horror anime ever,-1
[Rewatch] Uma Musume: Pretty Derby Season 1 Overall Discussion,1
Tell me some anime studios,-1
"""Reign of the Seven Spellblades"" Teaser Visual",-1
The Exploding Success of Bocchi The Rock,1
"Benriya Saitou-san, Isekai ni Iku • Handyman Saitou in Another World - Episode 10 discussion",-1
"JUJUTSU KAISEN 0, Chainsaw Man, SPY x FAMILY and More Anime are Now Available in India!",-1
"'Attack on Titan' earns 2.1% in the Japanese TV Ratings, only Late Night Anime in the Ranking",-1
"The chaser of freedom, Eren Yeager! [Attack on Titan: The Final Season]",1
"Original anime ""Youtunya"" to air from April",1
"Winners of the 17th Seiyuu Awards - Anzai Chika (Chisato), Tanezaki Atsumi (Anya), Eguchi Takuya (Loid) win Best Lead Voice Actor",1
The Familiar of Zero Lent In Violent Easter Rewatch -- Episode 25,-1
"Eiyuuou, Bu wo Kiwameru Tame Tenseisu. Soshite, Sekai Saikyou no Minarai Kishi♀ • Reborn to Master the Blade: From Hero-King to Extraordinary Squire ♀ - Episode 10 discussion",-1
What do you think about Oremonogatari (my love story)? I absolutely loved it and it is so cute and I love all about it,1
"Best OP/ED of 2022 AnimeBracket: Round 2, Group C",1
Is the beach playboy archetype real?,-1
Bungou Stray Dogs Season 4 - Episode 11 discussion,-1
'My Clueless First Friend' Anime PV 2,-1
ONIMAI Episode 10 - Japanese Trivia and Nuances Lost in Translation,-1
[NyanWatch] Non Non Biyori Repeat - Episode 3 Discussion,-1
"Itai no wa Iya nano de Bougyoryoku ni Kyokufuri Shitai to Omoimasu. 2 • Bofuri: I Don't Want to Get Hurt, so I'll Max Out My Defense. Season 2 - Episode 8 discussion",-1
anything like to love RU,1
My Love Story with Yamada-kun at Lv999 3rd Official Trailer,1
Vinland Saga Season 2 - Episode 10 discussion,-1
Mononogatari • Malevolent Spirits: Mononogatari - Episode 10 discussion,-1
Ars no Kyojuu • Giant Beasts of Ars - Episode 10 discussion,-1
Fumetsu no Anata e Season 2 - Episode 20 discussion - FINAL,-1
Search for great Thriller/mystery anime....,1
Boruto: Naruto Next Generations - Episode 291 discussion,-1
Did Demon Slayer Entertainment District Arc Really Look That Good?,1
[Do You Remember Love - Macross Franchise 40th Anniversary Rewatch] Macross Δ Episode 25 Discussion,1
『Tsurune －Tsunagari no Issha－』Episode 11 Web Preview,-1
『Tomo-chan wa Onnnanoko！』Episode 11 Web Preview,-1
"Dr. Stone Season 3 New Trailer, will be split cour, airs on April 6",-1
Hikari no Ou • The Fire Hunter - Episode 9 discussion,-1
[Rewatch] Uma Musume: Pretty Derby Episode 13 Discussion,1
Giant Beasts of Ars - Second PV,-1
The Familiar of Zero Lent In Violent Easter Rewatch -- Episode 23,-1
How much action is too much action?,-1
Yu☆Gi☆Oh! Go Rush!! - Episode 49 discussion,-1
"The /r/anime Week in Review: March 5 - 11, 2023",-1
Is the Gintama dub worth it?,1
"Ishura Anime Reveals 2 New Cast Members, Exclusive Disney+ Streaming",-1
Dealing with Diminishing Returns.,-1
[Rewatch] Uma Musume: Pretty Derby Episode 10 Discussion,1
『Kaiko sareta Ankoku Heishi (30-dai) no Slow na Second Life』Episode 11 Web Preview,-1
Vinland Saga season 2 is to anime as last of us part 2 is to video games. Anyone agree with this comparison?,1
The greatest love-confession-slash-finishing-move in the history of anime (Mobile Fighter G Gundam),1
[Rewatch] Armor Hunter Mellowlink Rewatch Five-Day Reminder,-1
Genjitsu no Yohane -SUNSHINE in the MIRROR- Anime Trailer/PV,1
Can anybody recommend me some more Isekai as a relative newcomer to the genre?,1
The average life of an audiophile [Akiba's Trip],-1
Anime Sakuga - Hand to Hand Fighting,1
Top 10 Anime of the Week #10 - Winter 2023 (Anime Corner),1
Cardfight!! Vanguard will+Dress Season 2 - Episode 9 discussion,-1
Does anyone know the full prayer/ritual Satou uses in the Movie(Suzume),-1
Tomo-chan wa Onnanoko! • Tomo-chan Is a Girl! - Episode 11 discussion,-1
Makoto Shinkai Retrospective: Voices of a Distant Star,-1
[Do You Remember Love - Macross Franchise 40th Anniversary Rewatch] Macross Δ Episode 24 Discussion,1
An anime Anthology series?,-1
Kyokou Suiri Season 2 • In/Spectre Season 2 - Episode 10 discussion,-1
Is the development of Vincent Law satisfying in Ergo Proxy?,1
[Rewatch] The Ancient Magus' Bride - Episode 13,-1
Shadowverse Flame - Episode 48 discussion,-1
Need help on what to watch next,1
Bofuri 2 Episode 8 Preview,-1
Help this poor me!,-1
"Best OP/ED of 2022 AnimeBracket: Round 2, Group B",1
[Rewatch][Spoilers]Wandering Witch: The Journey of Elaina Episode 6,-1
NieR:Automata Ver1.1a | English Dub Trailer,-1
Saddest unrequited love animes?,-1
[Bocchi the Rock] Voice actress Yoshino Aoyama (Hitori Gotou) plays the opening song Seishun Complex on guitar,1
『Hyouken no Majutsushi ga Sekai wo Suberu』Episode 11 Web Preview,-1
Captain Harlock: Arcadia of My Youth Review -- Third Impact Anime Podcast,-1
[Do You Remember Love - Macross Franchise 40th Anniversary Rewatch] Macross Δ Episode 26 Discussion,1
I drew Makima~~ [Chainsaw Man],-1
anime with rich night city scapes/architecture/park/beach/airport chill scenes that is not dark/dystopian/highly populated,1
Where Do You See Anime Going in 5-10 Years?,-1
Shiva the Food & Drink Critic [The Girl from the Other Side],-1
Angepinion: I actually LIKE the Rewrite Anime Adaptation (No Spoilers),1
Do you guys struggle to catch up to whats new and popular?,-1
[Rewatch][Spoilers]Wandering Witch: The Journey of Elaina Episode 7,-1
Romance anime without depressed lonely main character?,1
Lycoris Recoil Staff Interviews: Character Designer Imigi Muru,-1
『Benriya Saitou-san、Isekai ni Iku』Episode 11 Preview,-1
[Rewatch] Golden Time Rewatch Interest Thread,1
"Yes! Precure 5, Maho Girls Precure! Series Both Get Sequel Anime For Older Audiences",1
『Buddy Daddies』#10「LOST AT SEA」Preview,-1
Cap Kakumei Bottleman DX - Episode 49 discussion,-1
"Anime Questions, Recommendations, and Discussion - March 15, 2023",-1
Tsurune: Tsunagari no Issha • Tsurune: The Linking Shot - Episode 11 discussion,-1
'My Hero Academia' Season 6 New Key Visual,1
Kaiko Sareta Ankoku Heishi (30-dai) no Slow na Second Life • Chillin' in My 30s after Getting Fired from the Demon King's Army - Episode 10 discussion,-1
Megaton-kyuu Musashi Season 2 - Episode 27 discussion,-1
Nokemono-tachi no Yoru • The Tale of Outcasts - Episode 10 discussion,-1
Tokyo Revengers: Seiya Kessen-hen • Tokyo Revengers: Christmas Showdown Arc - Episode 10 discussion,-1
Any thoughts on [High School DxD] ?,-1
"What are some op/ed songs whose first word you think of is ""Cute!""",-1
Otonari no Tenshi-sama ni Itsunomanika Dame Ningen ni Sareteita Ken • The Angel Next Door Spoils Me Rotten - Episode 10 discussion,-1
"Anime Questions, Recommendations, and Discussion - March 11, 2023",-1
'SHAMAN KING FLOWERS' Teaser Visual,-1
My top 5 anime im looking foward too for the next season,1
"BOFURI: I Don't Want to Get Hurt, so I'll Max Out My Defense. Season 2 episodes 11 to air on April 5, episode 12 to air on April 12",-1
Onimai Manga Author Nekotoufu is directly involved in the Anime Adaption,-1
"Back in January 2022, I made a massive post where I ranked & reviewed the first 10 anime series that I ever watched in full. I have now seen 10 more series, and I’d be delighted to talk to anyone here about ANY of these shows. Let’s discuss some anime! (part one)",1
[Do You Remember Love - Macross Franchise 40th Anniversary Rewatch] Macross Δ Episode 23 Discussion,1
"Here's Part 2/3 in my 11th - 20th anime review series. Containing my in depth thoughts on A Lull In The Sea, Ranking Of Kings, Dr. Stone, & Spy X Family. I put a lot of time into these reviews, and I'd be delighted to discuss all of these shows with absolutely anyone here!",1
what anime should i add to my watch list?,-1
[Rewatch] Cardcaptor Sakura Rewatch - Episode 47 Discussion,-1
"""A Place Further than the Universe"" English Dub",-1
“Mobile Suit Gundam: The Witch from Mercury” Season 2 PV,-1
What manga chapter does episode 10 of Farming life in another world cover?,-1
[Rewatch] Armor Hunter Mellowlink Announcement + Schedule,-1
[Rewatch] The Ancient Magus' Bride - OVA 1-1,-1
Tensei Oujo to Tensai Reijou no Mahou Kakumei • The Magical Revolution of the Reincarnated Princess and the Genius Young Lady - Episode 11 discussion,-1
Mahou Shoujo ni Akogarete TV anime announced,-1
What anime are more popular outside of Japan?,1
"""I give my virginity to Soushi Sazanami."" Anime Trailer",-1
[Rewatch] Uma Musume: Pretty Derby Episode 12 Discussion,1
I need some anime recommendations with these settings,-1
[Rewatch][Spoilers]Wandering Witch: The Journey of Elaina Episode 9,-1
Technoroid Overmind - Episode 10 discussion,-1
"What Have You Watched This Past Week That is NOT a Currently Airing Show? [March 12th, 2023]",-1
High Card - Episode 10 discussion,-1
Animation Digital Network will be streaming Edens zero season 2 same time as Japan,-1
「Urusei Yatsura」 Episode 22 Preview,-1
Help me out with the search guys,1
Is there actually any mecha anime that has no plot and doesn't focus on characters?,-1
Official term for the backgrounds anime characters?,-1
What’s your opinion on the Hellsing anime?,-1
『TRIGUN STAMPEDE』 Episode 11 Preview,-1
What's your favorite anime song lyric?,1
"'The Girl I like Forgot her Glasses"" - Teaser PV",-1
Why is almost every anime opening 1min 30sec long?,-1
Kami-tachi ni Hirowareta Otoko Season 2 • By the Grace of the Gods Season 2 - Episode 10 discussion,1
Saikyou Onmyouji no Isekai Tenseiki • The Reincarnation of the Strongest Exorcist in Another World - Episode 10 discussion,-1
Wave [ AMV - Mix ] Anime Mix by Sota deserve MUCH more love,1
I watched Steins Gate in chronological order for the first time,-1
"Anime Questions, Recommendations, and Discussion - March 14, 2023",-1
"lf anime 80s,90s,2000s to 2013 with good bg art other than p.a.works,feel,ghibli,ufotable,kyoani just normal beautiful day/night city scapes.not too dark/dystopian like filters.genre: bit of humor/comedy plus anything.",1
[Rewatch] Cardcaptor Sakura Rewatch - Arc 1 (Seasons 1/2) Discussion,-1
Tribute to Little Witch Academia,-1
"Anime Questions, Recommendations, and Discussion - March 12, 2023",-1
What genres of anime have you watched the least?,-1
Boku no Hero Academia Season 6 - Episode 23 discussion,1
"Gankutsuou is a great anime, but does anyone like the MC?",1
Pocket Monsters: Mezase Pokémon Master - Episode 9 discussion,-1
Alice Gear Aegis Expansion New Key Visual,-1
Suzume no Tojimari. A decent anime that you would enjoy... more so if you’re a person from Japan.,-1
Here are my in depth reviews for “Carole and Tuesday” & “Hyouka”. As well as a ranking of every anime that I’ve seen so far. The final part of my anime review series.,1
The Legend of Heroes: Sen no Kiseki - Northern War • The Legend of Heroes: Trails of Cold Steel - Northern War - Episode 10 discussion,-1
The Demon Barbatos vs. the Angel Hashmal [Gundam: Iron-Blooded Orphans],-1
「Ayakashi Triangle」 Episode 6 Preview,-1
"Ijiranaide, Nagatoro-san 2nd Attack • Don't Toy with Me, Miss Nagatoro 2nd Attack - Episode 11 discussion",-1
Ufotable flexes muscle in beach volleyball [Today's Menu for the Emiya Family],-1
Nijiyon Animation - Episode 10 discussion,-1
[NyanWatch] Non Non Biyori - Season 1 Overall Discussion,-1
"[Isekai Ojisan] Killing your own emotion (also, final episode is out, go watch it)",-1
SHINKAI MONTH: Children Who Chase Lost Voices & The Garden of Words (Review) | Castaway Anime Podcast,-1
My Love Story with Yamada-kun at Lv999 — Eita Sasaki Official PV,1
The Familiar of Zero Lent In Violent Easter Rewatch -- Episode 24,-1
Because I love you [kaichou wa maid-sama],1
Yosuga no Sora - Anime of the Week,-1
We really need shorter anime titles to recommend newcomers with.,1
「Koori Zokusei Danshi to Cool na Douryou Joshi」Episode 11 Preview,1
"Best OP/ED of 2022 AnimeBracket: Round 3, Group A",1
where to watch naruto?,-1
What fight scene in Anime had the best choreography?,1
Attack on Titan special episode,-1
Cool Doji Danshi - Episode 22 discussion,1
i have a question for sub elitists,-1
Any isekai anime that has the MC end up in the same general world but different?,-1
Which character's popularity do you think is different within Japan and outside of it?,1
Is the new demon slayer worth the watch?,1
Danmachi Season IV Episode 22 preview,-1
Buddy Daddies: Straight copy or no?,-1
Dariel is one of the most wholesome MCs - Chillin in my 30s after getting fired from the Demon King’s army,-1
Manager's one unlucky day [One Punch Man],-1
『Tondemo Skill de Isekai Hourou Meshi』Episode 10 Web Preview,-1
Is Eminence in shadow actually good?,1
Trigun Stampede - Episode 10 discussion,-1
What IF: they remade a new Evangelion series?,-1
Is anyone else just not able to watch anime movies anymore?,-1
[Rewatch] The Ancient Magus' Bride - Episode 12,-1
"Best OP/ED of 2022 AnimeBracket: Round 2, Group D",1
"“The 100 Girlfriends Who Really, Really, Really, Really, Really Love You” Teaser Visual",1
Yowamushi Pedal: Is it worth it?,1
The Familiar of Zero Lent In Violent Easter Rewatch -- Episode 22,-1
DARLING in the FRANXX hits different!,1
Koori Zokusei Danshi to Cool na Douryou Joshi • The Ice Guy and His Cool Female Colleague - Episode 11 discussion,1
Yowamushi Pedal: Limit Break - Episode 22 discussion,-1
Buddy Daddies - Episode 9 discussion,-1
Blue Lock - Episode 22 discussion,-1
Isekai Nonbiri Nouka • Farming Life in Another World - Episode 10 discussion,-1
Sugar Apple Fairy Tale - Episode 10 discussion,-1
Need some new girls love/yuri anime,-1
『Sugar Apple Fairy Tale』Episode 11 Preview,-1
"What's the most recent anime that you would call a ""classic,"" and why?",-1
Which anime to watch next with my girlfriend?,-1
Reiwa no Di Gi Charat - Episode 14 discussion,-1
Close Siblings [Fumikiri Jikan],-1
"Shinka no Mi: Shiranai Uchi ni Kachigumi Jinsei Season 2 • The Fruit of Evolution: Before I Knew It, My Life Had It Made Season 2 - Episode 9 discussion",-1
"Toutotsu ni Egypt Kami shin 2 • Oh, Suddenly Egyptian God Season 2 - Episode 10 discussion",1
[NyanWatch] Non Non Biyori - Episode 12 Discussion,-1
[Rewatch] The Ancient Magus’ Bride - Episode 11,-1
"The 100 Girlfriends Who Really, Really, Really, Really, Really Love You Anime Character Designs",1
"One of my favourite scenes from last year [More than a Married Couple, Not Quite Lovers]",-1
Hirogaru Sky! Precure • Soaring Sky! Pretty Cure - Episode 6 discussion,1
Help with my list and what to avoid please lol,1
I need this confidence in life (Amagi Brilliant Park),1
Weekly Seasonal Rankings: Winter 2023 - Week 10,-1
"""The 100 Girlfriends Who Really Really Really Really Really Love You"" Anime Announced",1
Silent Christmas Montage - Onimai (no edit),-1
Majutsushi Orphen Hagure Tabi: Urbanrama-hen • Sorcerous Stabber Orphen -Chaos in Urbanrama- - Episode 9 discussion,-1
[Rewatch][Spoilers]Wandering Witch: The Journey of Elaina Episode 8,-1
"""Tonikaku Kawaii"" Season 2 New PV",-1
[Rewatch] Cardcaptor Sakura Rewatch - Episode 45 Discussion,-1
NieR:Automata Ver1.1a - Episode 7 discussion,-1
'Magical Girl Destroyers' New Key Visual,-1
[NyanWatch] Non Non Biyori - Season 1 OVA Discussion,-1
Recommend new anime for me to watch based off MAL?,1
[NyanWatch] Non Non Biyori Repeat - Episode 1 Discussion,-1
Ayakashi Triangle - Episode 6 discussion,-1
Nyanko Evangelion Intro Crossover,-1
[Rewatch] The Ancient Magus' Bride - Episode 10,-1
anime where the MC gets into a relationship with a ghost,-1
Ryuu Senki (1988) Review,-1
